{
    "generator_losses": [
        3.7627237154089888,
        3.711548027784928,
        3.9433689221091894,
        3.8561083544855532,
        3.826567027879798,
        3.720572689305181,
        3.454573092253312,
        3.4597736856211787,
        3.2517552997754966,
        3.343623109485792,
        3.2389885238979175,
        3.2662547360295835,
        3.4946708990179975,
        3.2727406750554624,
        3.2581195105677065,
        3.3185671619746997,
        3.4022886027460513,
        3.2430065818454907,
        3.0568418502807617,
        3.2352632128674053,
        3.1028257141942563,
        2.9709934462671694,
        3.004170853158702,
        3.042551102845565,
        3.102130703304125,
        3.1083927672842275,
        2.9375972955123237,
        3.456391023552936,
        3.106596687565679,
        3.2869192724642544,
        3.045115719670835,
        3.022371261016182,
        2.975522227909254,
        2.8795198253963306,
        2.9668739671292514,
        3.171774615412173,
        3.098238063895184,
        3.111838143804799,
        3.113724242085996,
        2.9865503622137983
    ],
    "discriminator_losses": [
        0.38848493151042773,
        0.37871422197507776,
        0.36893064561097516,
        0.36122783370639966,
        0.3525346154751985,
        0.3502560802128004,
        0.3461573668148207,
        0.3446685905041902,
        0.3409990823787192,
        0.3433111361835314,
        0.34105986875036487,
        0.3375401652377585,
        0.33814057319060614,
        0.3391020634899969,
        0.3400269824525584,
        0.34093001873596857,
        0.34062713643778925,
        0.3356261097866556,
        0.335969354795373,
        0.3378186251806176,
        0.33543691427811334,
        0.33478001407955005,
        0.33793604114781256,
        0.3353838454122129,
        0.33586369908374286,
        0.3351762035618658,
        0.3357466070548348,
        0.33518956018530804,
        0.3379097529079603,
        0.3373443795287091,
        0.33454185205957165,
        0.33330846610276593,
        0.3354207484618477,
        0.3330195727555648,
        0.33623316495314887,
        0.3347154078276261,
        0.33494704702626105,
        0.3331124056940493,
        0.3358357134072677,
        0.33378642279168835
    ],
    "validation_metrics": {
        "PSNR": [
            14.905422846476236,
            14.895997047424316,
            15.3276735941569,
            15.412040074666342,
            14.458381334940592,
            15.70471445719401,
            15.857259432474772,
            16.003671010335285,
            15.976733207702637,
            15.963714599609375,
            15.21436595916748,
            15.875655810038248,
            15.977264086405436,
            16.786060969034832,
            15.838078816731771,
            16.03842544555664,
            16.10184669494629,
            16.641198476155598,
            16.150086720784504,
            16.20786412556966,
            16.93468443552653,
            16.082211176554363,
            16.489617983500164,
            16.046324729919434,
            16.094653765360516,
            16.01865800221761,
            16.64821147918701,
            15.725784301757812,
            17.10430399576823,
            15.649690310160318,
            16.316723187764484,
            17.262855847676594,
            16.970637321472168,
            16.90753714243571,
            16.485243161519367,
            16.856180508931477,
            16.303813934326172,
            16.48335552215576,
            16.86791197458903,
            16.881446838378906
        ],
        "SSIM": [
            0.08389027168353398,
            0.08501636733611424,
            0.09508189310630162,
            0.10098431507746379,
            0.09627715746561687,
            0.10936060547828674,
            0.11428410559892654,
            0.12130320817232132,
            0.1174998755256335,
            0.13237819572289786,
            0.12494986255963643,
            0.12597747643788657,
            0.12736242016156515,
            0.14609874288241068,
            0.13929496705532074,
            0.15031530956427255,
            0.14933478832244873,
            0.16104121506214142,
            0.15237095206975937,
            0.15456684430440268,
            0.16730714837710062,
            0.15499208370844522,
            0.15827921529610953,
            0.14717020094394684,
            0.14957769215106964,
            0.15180020531018576,
            0.16033347944418588,
            0.15945953130722046,
            0.17165754238764444,
            0.15995744367440543,
            0.16416987280050913,
            0.17679385344187418,
            0.1764396925767263,
            0.1620726337035497,
            0.17290725807348886,
            0.17537281413873038,
            0.16301373143990835,
            0.16742934783299765,
            0.1727814575036367,
            0.18044811487197876
        ],
        "FID": [
            379.2880355317604,
            330.0987758582546,
            381.86235012836715,
            399.2108851158344,
            419.8019782704564,
            325.7367231741281,
            300.99624312755356,
            360.8732017393777,
            370.47219934421827,
            289.81173921024555,
            380.2247656541479,
            294.50678934780973,
            318.3221590853815,
            282.00504627542665,
            384.7677525868469,
            340.9774556489521,
            363.11899958259437,
            308.89150472295483,
            299.8209750254103,
            366.14166792687064,
            265.12660538009146,
            356.40578215809455,
            329.21832974521544,
            349.9172846647568,
            350.4844063447952,
            370.62141784959096,
            348.2775712222884,
            363.1584335499727,
            294.82918675957586,
            314.9538714976465,
            369.91550732254535,
            359.8236592627361,
            349.5096719391038,
            311.75251419680325,
            303.2854236839578,
            292.849209320999,
            309.93388229935357,
            350.7884302703348,
            340.0866815955209,
            364.0621015164166
        ],
        "MSE": [
            0.13144594927628836,
            0.13226276387770972,
            0.12042802820603053,
            0.1199878603219986,
            0.15170823285977045,
            0.11318858216206233,
            0.10834753016630809,
            0.10492691397666931,
            0.10463264336188634,
            0.10597959160804749,
            0.1285040279229482,
            0.10761415958404541,
            0.10590627292792003,
            0.08929117023944855,
            0.11004399508237839,
            0.10556198904911678,
            0.1069158526758353,
            0.09094610686103503,
            0.10303954780101776,
            0.10354533791542053,
            0.08612706263860066,
            0.10760030647118886,
            0.0958383505543073,
            0.10468006134033203,
            0.10422598570585251,
            0.10837222884098689,
            0.09095553681254387,
            0.11980948100487392,
            0.08187201867500941,
            0.12170244256655376,
            0.0990582803885142,
            0.08023600901166598,
            0.08496720964709918,
            0.08618819589416186,
            0.09725344926118851,
            0.08845771724979083,
            0.10472195347150166,
            0.09645535175999005,
            0.08671942229072253,
            0.08778012916445732
        ]
    },