{
    "train_losses": [
        {
            "generator_loss": 4.665297794342041,
            "discriminator_loss": 9.83338966369629
        },
        {
            "generator_loss": 4.158670282363891,
            "discriminator_loss": 9.815714645385743
        }
    ],
    "val_metrics": [
        {
            "PSNR": -19.949256896972656,
            "MSE": 98.83842468261719,
            "SSIM": 0.05410182103514671,
            "FID": 855.1997200605049
        },
        {
            "PSNR": -19.770736694335938,
            "MSE": 94.8579330444336,
            "SSIM": 0.06194509565830231,
            "FID": 831.919822763874
        }
    ],
    "epoch_times": [
        86.60492,
        80.032987
    ],
    "best_epoch": 1,
    "best_metrics": {
        "PSNR": -19.770736694335938,
        "MSE": 94.8579330444336,
        "SSIM": 0.06194509565830231,
        "FID": 831.919822763874
    }
}