{
    "train_losses": [
        {
            "generator_loss": 2.4373121857643127,
            "discriminator_loss": 1.2431464791297913
        },
        {
            "generator_loss": 2.2754861772060395,
            "discriminator_loss": 1.1237971246242524
        }
    ],
    "val_metrics": [
        {
            "PSNR": -11.673953294754028,
            "MSE": 63.16085171699524,
            "SSIM": 0.05865289084613323,
            "FID": 712.0795197604716
        },
        {
            "PSNR": -11.451998949050903,
            "MSE": 61.44629806280136,
            "SSIM": 0.11249484866857529,
            "FID": 737.0760639542966
        }
    ],
    "epoch_times": [
        83.54686,
        71.28684
    ],
    "best_epoch": 1,
    "best_metrics": {
        "PSNR": -11.451998949050903,
        "MSE": 61.44629806280136,
        "SSIM": 0.11249484866857529,
        "FID": 737.0760639542966
    }
}