{
    "generator_losses": [
        2.299574832121531,
        2.3233370184898376,
        2.313405613104502,
        2.2454995115598044,
        2.2883912920951843,
        2.1998880406220755,
        2.1835332214832306,
        2.1549027363459268,
        2.100586543480555,
        2.078465541203817,
        2.044901559750239,
        2.0697645246982574,
        1.993536651134491,
        1.9864394962787628,
        1.9513802627722423,
        1.9374115367730458,
        1.9188290139039357
    ],
    "discriminator_losses": [
        0.7425751636425654,
        0.7105903178453445,
        0.6879212011893591,
        0.682447741429011,
        0.6883861770232519,
        0.6586243957281113,
        0.6343787908554077,
        0.6019001007080078,
        0.5706285685300827,
        0.5589396258195242,
        0.5541777561108271,
        0.5538289894660314,
        0.5535735388596853,
        0.553421308596929,
        0.5533626625935236,
        0.5533363372087479,
        0.5533278534809748
    ],
    "validation_metrics": {
        "PSNR": [
            21.955305099487305,
            21.922374725341797,
            21.729849815368652,
            21.726359367370605,
            21.926480293273926,
            21.934242248535156,
            22.0445613861084,
            22.166627883911133,
            22.18933868408203,
            22.16048812866211,
            22.367862701416016,
            22.41570281982422,
            22.38117790222168,
            22.424423217773438,
            22.548229217529297,
            22.391321182250977,
            22.489036560058594
        ],
        "SSIM": [
            0.38983768224716187,
            0.39640580117702484,
            0.3990476727485657,
            0.40498754382133484,
            0.4100577235221863,
            0.4066563844680786,
            0.411663219332695,
            0.4167950749397278,
            0.42082276940345764,
            0.4290165454149246,
            0.4236680120229721,
            0.44139930605888367,
            0.45297378301620483,
            0.4469056725502014,
            0.45240822434425354,
            0.4682610332965851,
            0.469431072473526
        ],
        "FID": [
            261.9642731746322,
            308.2134881854139,
            298.57921089405295,
            292.02644790894493,
            292.1626559381475,
            230.36781762629926,
            247.26065089955597,
            275.8852784009206,
            273.80313740841723,
            272.0610512154444,
            230.87251201429507,
            235.52124292724642,
            234.35108238450147,
            246.31164221180703,
            272.38310443338867,
            237.71856734692003,
            246.81943773660447
        ],
        "MSE": [
            0.029239041730761528,
            0.029376886785030365,
            0.030231713317334652,
            0.03018011525273323,
            0.02923128567636013,
            0.028953635599464178,
            0.02848309837281704,
            0.027796250768005848,
            0.02780580660328269,
            0.027848219498991966,
            0.026987595483660698,
            0.02663254551589489,
            0.02684209728613496,
            0.02667702967301011,
            0.026214572601020336,
            0.026600802782922983,
            0.02612567786127329
        ]
    },
    "learning_rates": {
        "generator": [
            1e-05,
            2e-05,
            3e-05,
            4e-05,
            5e-05,
            6e-05,
            7e-05,
            8e-05,
            9e-05,
            0.0001,
            0.0001,
            0.0001,
            0.0001,
            0.0001,
            0.0001,
            0.0001,
            0.0001
        ],
        "discriminator": [
            4e-05,
            8e-05,
            0.00012,
            0.00016,
            0.0002,
            0.00024,
            0.00028,
            0.00032,
            0.00036,
            0.0004,
            0.0004,
            0.0004,
            0.0004,
            0.0004,
            0.0004,
            0.0004,
            0.0004
        ]
    }
}