{
    "train_losses": [
        {
            "generator_loss": 2.065406855940819,
            "discriminator_loss": 1.2142812997102737
        },
        {
            "generator_loss": 2.0282155364751815,
            "discriminator_loss": 0.7008568286895752
        }
    ],
    "val_metrics": [
        {
            "PSNR": -8.800673882166544,
            "MSE": 77.79700442155202,
            "SSIM": 0.16405203814307848,
            "FID": 756.8563509963295
        },
        {
            "PSNR": -8.750361601511637,
            "MSE": 77.85341930389404,
            "SSIM": 0.1626286841928959,
            "FID": 874.4833966635457
        }
    ],
    "epoch_times": [
        83.775055,
        72.669557
    ],
    "best_epoch": 1,
    "best_metrics": {
        "PSNR": -8.750361601511637,
        "MSE": 77.85341930389404,
        "SSIM": 0.1626286841928959,
        "FID": 874.4833966635457
    }
}