{
    "train_losses": [
        {
            "generator_loss": 223.04802551269532,
            "discriminator_loss": 9.843149757385254
        },
        {
            "generator_loss": 214.06610870361328,
            "discriminator_loss": 9.811558723449707
        }
    ],
    "val_metrics": [
        {
            "PSNR": -20.030195236206055,
            "MSE": 100.69771575927734,
            "SSIM": 0.0032944525592029095,
            "FID": 652.9559625689055
        },
        {
            "PSNR": -20.012622833251953,
            "MSE": 100.29106903076172,
            "SSIM": 0.013337064534425735,
            "FID": 537.0206421777282
        }
    ],
    "epoch_times": [
        80.977599,
        73.508244
    ],
    "best_epoch": 1,
    "best_metrics": {
        "PSNR": -20.012622833251953,
        "MSE": 100.29106903076172,
        "SSIM": 0.013337064534425735,
        "FID": 537.0206421777282
    }
}